{"996412893018988544":{"prefix":"%","djrole":null,"vc":{"enable":true,"channel":"996412895153889349"},"music":{"channel":null,"pmsg":null,"qmsg":null},"autoresume":false},"753536663556325376":{"prefix":"%","djrole":null,"vc":{"enable":false,"channel":null},"music":{"channel":"1351971072622465108","pmsg":"1351971076720300112","qmsg":"1351971074618691604"},"autoresume":false},"1277499877399728159":{"prefix":"%","djrole":null,"vc":{"enable":false,"channel":null},"music":{"channel":null,"pmsg":null,"qmsg":null},"autoresume":false}}